omsid,image_url,width,depth,height,canopy,style,taxonomy
100469543,https://images.homedepot-static.com/productImages/0c06f8d3-b678-4f0d-91da-4058a79c8f22/svn/brushed-nickel-progress-lighting-chandeliers-p5013-09-64_1000.jpg,16.63,16.63,8.88,5.25,Classic,Lighting>Chandeliers
100469634,https://images.homedepot-static.com/productImages/fbc677e4-d0de-4c18-b05e-20ecc1adabe5/svn/white-progress-lighting-chandeliers-p5094-30-64_1000.jpg,16,16,8.25,5.16,Industrial,Lighting>Chandeliers
100469634,https://images.homedepot-static.com/productImages/f39d0274-4cf7-4976-bbca-14eb4aaf90c8/svn/white-progress-lighting-chandeliers-p5094-30-64_1000.jpg,16,16,8.25,5.16,Industrial,Lighting>Chandeliers
100469634,https://images.homedepot-static.com/productImages/6549bf49-bc4d-4715-9465-80409bfd9008/svn/white-progress-lighting-chandeliers-p5094-30-64_1000.jpg,16,16,8.25,5.16,Industrial,Lighting>Chandeliers
100636087,https://images.homedepot-static.com/productImages/b660054a-abf6-4e24-bb83-602e8458f632/svn/brushed-nickel-progress-lighting-chandeliers-p5182-09-64_1000.jpg,12.63,12.63,11,5.5,Industrial,Lighting>Chandeliers
100636087,https://images.homedepot-static.com/productImages/23560bef-0c61-4c96-8510-8733f2083239/svn/brushed-nickel-progress-lighting-chandeliers-p5182-09-64_1000.jpg,12.63,12.63,11,5.5,Industrial,Lighting>Chandeliers
100636087,https://images.homedepot-static.com/productImages/e1a9a473-7eb0-4002-b87e-460b8892ce96/svn/brushed-nickel-progress-lighting-chandeliers-p5182-09-64_1000.jpg,12.63,12.63,11,5.5,Industrial,Lighting>Chandeliers
100636087,https://images.homedepot-static.com/productImages/0c8d6493-4438-4551-89b5-7aba2988cb42/svn/brushed-nickel-progress-lighting-chandeliers-p5182-09-64_1000.jpg,12.63,12.63,11,5.5,Industrial,Lighting>Chandeliers
100636663,https://images.homedepot-static.com/productImages/666212cc-95c2-4db6-be78-d82b3b04d415/svn/brushed-nickel-progress-lighting-chandeliers-p5183-09-64_1000.jpg,16,16,13.5,5.5,Industrial,Lighting>Chandeliers
202190243,https://images.homedepot-static.com/productImages/6dcfb431-4abf-4993-99a1-1c95a0a35704/svn/matte-nickel-eglo-chandeliers-20128a-64_1000.jpg,28.35,6.5,59,5,Modern,Lighting>Chandeliers
202275818,https://images.homedepot-static.com/productImages/fd2cd6e4-7d79-4f16-87f5-6774ad963825/svn/distressed-antique-bronze-copper-chandeliers-16557-017-64_1000.jpg,41.5,12,19.25,1,Classic,Lighting>Chandeliers
203128942,https://images.homedepot-static.com/productImages/9569274b-92f2-4f31-8420-7b6538696454/svn/chrome-zuo-chandeliers-50026-64_1000.jpg,17.7,17.7,7.5,5.1,Glam,Lighting>Chandeliers
203128942,https://images.homedepot-static.com/productImages/8a8a1c23-c7d9-4271-9d02-c0bafbaeb506/svn/chrome-zuo-chandeliers-50026-64_1000.jpg,17.7,17.7,7.5,5.1,Glam,Lighting>Chandeliers
203128942,https://images.homedepot-static.com/productImages/5861d4a7-afce-4316-bac6-bc37eb4970c4/svn/chrome-zuo-chandeliers-50026-64_1000.jpg,17.7,17.7,7.5,5.1,Glam,Lighting>Chandeliers
203365693,https://images.homedepot-static.com/productImages/1a770d1c-4d13-4185-8337-6dc3436dadd7/svn/brushed-nickel-livex-lighting-chandeliers-4229-91-64_1000.jpg,40 in,0 in,38,5,Modern,Lighting>Chandeliers
203365693,https://images.homedepot-static.com/productImages/d83f09f4-dfc0-4b95-b0d3-fd576bc6601d/svn/brushed-nickel-livex-lighting-chandeliers-4229-91-64_1000.jpg,40 in,0 in,38,5,Modern,Lighting>Chandeliers
203365693,https://images.homedepot-static.com/productImages/8a124fd9-ba92-44de-914d-8921dbebcf55/svn/brushed-nickel-livex-lighting-chandeliers-4229-91-64_1000.jpg,40 in,0 in,38,5,Modern,Lighting>Chandeliers
203365693,https://images.homedepot-static.com/productImages/3d8acace-319f-4d62-9843-c3a3b72ed904/svn/brushed-nickel-livex-lighting-chandeliers-4229-91-64_1000.jpg,40 in,0 in,38,5,Modern,Lighting>Chandeliers
203365722,https://images.homedepot-static.com/productImages/dc7b1585-5106-430f-9b57-9756fa56f54e/svn/brushed-nickel-livex-lighting-chandeliers-4253-91-64_1000.jpg,24 in,0 in,18 in,5,Classic,Lighting>Chandeliers
203365722,https://images.homedepot-static.com/productImages/37105bf1-a199-45ed-893b-530a22c7420f/svn/brushed-nickel-livex-lighting-chandeliers-4253-91-64_1000.jpg,24 in,0 in,18 in,5,Classic,Lighting>Chandeliers
203365722,https://images.homedepot-static.com/productImages/37e3e910-8d63-4a06-bd20-f6629d71b912/svn/brushed-nickel-livex-lighting-chandeliers-4253-91-64_1000.jpg,24 in,0 in,18 in,5,Classic,Lighting>Chandeliers
203365722,https://images.homedepot-static.com/productImages/426d8554-b916-4f3c-b811-ee5b5bee0502/svn/brushed-nickel-livex-lighting-chandeliers-4253-91-64_1000.jpg,24 in,0 in,18 in,5,Classic,Lighting>Chandeliers
203365722,https://images.homedepot-static.com/productImages/235d7a89-2998-4dc2-90ea-6279d2296ee6/svn/brushed-nickel-livex-lighting-chandeliers-4253-91-64_1000.jpg,24 in,0 in,18 in,5,Classic,Lighting>Chandeliers
203365722,https://images.homedepot-static.com/productImages/8fc4d7e5-3468-4e0f-9ec5-69d6674f81d9/svn/brushed-nickel-livex-lighting-chandeliers-4253-91-64_1000.jpg,24 in,0 in,18 in,5,Classic,Lighting>Chandeliers
203365722,https://images.homedepot-static.com/productImages/d18eeb86-177a-4c3d-a9cb-c7b6ef420437/svn/brushed-nickel-livex-lighting-chandeliers-4253-91-64_1000.jpg,24 in,0 in,18 in,5,Classic,Lighting>Chandeliers
203365722,https://images.homedepot-static.com/productImages/7e9936c7-fa3a-4289-a56a-c57568f2b145/svn/brushed-nickel-livex-lighting-chandeliers-4253-91-64_1000.jpg,24 in,0 in,18 in,5,Classic,Lighting>Chandeliers
203365722,https://images.homedepot-static.com/productImages/d911b4e7-2930-4a67-a843-2171ae6b7bd8/svn/brushed-nickel-livex-lighting-chandeliers-4253-91-64_1000.jpg,24 in,0 in,18 in,5,Classic,Lighting>Chandeliers
203365985,https://images.homedepot-static.com/productImages/4107ae2b-7dd6-4917-9fda-1fc745818b2f/svn/white-livex-lighting-chandeliers-6305-03-64_1000.jpg,20 in,0 in,18.5 in,5,Glam,Lighting>Chandeliers
203366293,https://images.homedepot-static.com/productImages/e3aaafff-53d0-4a8e-b738-92e684ac98f5/svn/antique-brass-livex-lighting-chandeliers-4254-01-64_1000.jpg,13 in,0 in,45.5 in,5,Rustic,Lighting>Chandeliers
203483750,https://images.homedepot-static.com/productImages/a2fe8e55-5f7b-4cb6-bf34-7ab7f6607ec9/svn/chrome-worldwide-lighting-chandeliers-w83100c16-ch-64_1000.jpg,16,16 in,12,5,Glam,Lighting>Chandeliers
203483770,https://images.homedepot-static.com/productImages/d5eb0d4d-7444-4d16-a737-b9a37f265c33/svn/polished-chrome-finish-black-crystal-worldwide-lighting-chandeliers-w83100c16-bl-64_1000.jpg,16,16 in,12,5,Glam,Lighting>Chandeliers
203483770,https://images.homedepot-static.com/productImages/b13b1e03-2520-4fa6-b21d-e5f149be9392/svn/polished-chrome-finish-black-crystal-worldwide-lighting-chandeliers-w83100c16-bl-64_1000.jpg,16,16 in,12,5,Glam,Lighting>Chandeliers
203483770,https://images.homedepot-static.com/productImages/a78c09e8-8931-4665-858f-f171af0ade46/svn/polished-chrome-finish-black-crystal-worldwide-lighting-chandeliers-w83100c16-bl-64_1000.jpg,16,16 in,12,5,Glam,Lighting>Chandeliers
203483770,https://images.homedepot-static.com/productImages/2249883a-fda8-4663-b64e-efa5a00c95db/svn/polished-chrome-finish-black-crystal-worldwide-lighting-chandeliers-w83100c16-bl-64_1000.jpg,16,16 in,12,5,Glam,Lighting>Chandeliers
203483770,https://images.homedepot-static.com/productImages/23de3224-fad8-4439-bc3e-dee1f87da8c0/svn/polished-chrome-finish-black-crystal-worldwide-lighting-chandeliers-w83100c16-bl-64_1000.jpg,16,16 in,12,5,Glam,Lighting>Chandeliers
203483788,https://images.homedepot-static.com/productImages/63422493-e085-4781-887b-b2d4099dbbdb/svn/amber-worldwide-lighting-chandeliers-w83100c16-am-64_1000.jpg,16,16 in,12,5,Glam,Lighting>Chandeliers
203483788,https://images.homedepot-static.com/productImages/2ce08165-b1f4-4cb0-9255-ccb5d542572e/svn/amber-worldwide-lighting-chandeliers-w83100c16-am-64_1000.jpg,16,16 in,12,5,Glam,Lighting>Chandeliers
203483788,https://images.homedepot-static.com/productImages/1d113463-03c7-4d98-8199-297018110eeb/svn/amber-worldwide-lighting-chandeliers-w83100c16-am-64_1000.jpg,16,16 in,12,5,Glam,Lighting>Chandeliers
203483796,https://images.homedepot-static.com/productImages/7731bfc7-1170-414d-8c97-ec35737510cc/svn/polished-chrome-finish-smoke-crystal-worldwide-lighting-chandeliers-w83100c16-sm-64_1000.jpg,16,16 in,12,5,Glam,Lighting>Chandeliers
203483796,https://images.homedepot-static.com/productImages/1379b62c-a157-4664-bbc5-569a02180f27/svn/polished-chrome-finish-smoke-crystal-worldwide-lighting-chandeliers-w83100c16-sm-64_1000.jpg,16,16 in,12,5,Glam,Lighting>Chandeliers
203820147,https://images.homedepot-static.com/productImages/a97bac7d-d370-4623-9cd3-5e250d1bb8b4/svn/polished-chrome-finish-white-crystal-worldwide-lighting-chandeliers-w83100c16-wh-64_1000.jpg,16,16 in,12,5,Glam,Lighting>Chandeliers
204101715,https://images.homedepot-static.com/productImages/55dd8908-21b3-49e7-bd6c-ad87816b6a64/svn/red-rustic-yosemite-home-decor-chandeliers-scfp2079-6-6rr-64_1000.jpg,21.7,21.7,38.6,4.70,Glam,Lighting>Chandeliers
204101715,https://images.homedepot-static.com/productImages/4e1c1330-dd11-43f2-aab4-b8b111980057/svn/red-rustic-yosemite-home-decor-chandeliers-scfp2079-6-6rr-64_1000.jpg,21.7,21.7,38.6,4.70,Glam,Lighting>Chandeliers
204101715,https://images.homedepot-static.com/productImages/a0139382-142a-4dba-9166-34ee6c2cbc34/svn/red-rustic-yosemite-home-decor-chandeliers-scfp2079-6-6rr-64_1000.jpg,21.7,21.7,38.6,4.70,Glam,Lighting>Chandeliers
204101715,https://images.homedepot-static.com/productImages/c48ed2ed-bc53-4953-96f0-52175fcfaebc/svn/red-rustic-yosemite-home-decor-chandeliers-scfp2079-6-6rr-64_1000.jpg,21.7,21.7,38.6,4.70,Glam,Lighting>Chandeliers
204148389,https://images.homedepot-static.com/productImages/ae451532-a189-4589-85cc-cd22d8b9d9fc/svn/heirloom-bronze-sea-gull-lighting-chandeliers-65438-782-64_1000.jpg,15.75,15.75,16,6.63,Farmhouse,Lighting>Chandeliers
204148390,https://images.homedepot-static.com/productImages/cc9f8b09-ea39-4b44-b397-b40cd8f28657/svn/brushed-nickel-sea-gull-lighting-chandeliers-65438-962-64_1000.jpg,15.75,15.75,16,6.63,Farmhouse,Lighting>Chandeliers
204148394,https://images.homedepot-static.com/productImages/666cc44b-901e-4c13-985e-262ea91f0518/svn/brushed-nickel-sea-gull-lighting-chandeliers-65439-962-64_1000.jpg,20,20,14.25,6.63,Farmhouse,Lighting>Chandeliers
204780503,https://images.homedepot-static.com/productImages/506b8755-a755-4e98-90a1-10007455985e/svn/cranberry-red-worldwide-lighting-chandeliers-w83100c16-cy-64_1000.jpg,16,16 in,12,5,Glam,Lighting>Chandeliers
204780503,https://images.homedepot-static.com/productImages/5d863e41-2c6d-457a-9e28-d37ad8295ec1/svn/cranberry-red-worldwide-lighting-chandeliers-w83100c16-cy-64_1000.jpg,16,16 in,12,5,Glam,Lighting>Chandeliers
204780504,https://images.homedepot-static.com/productImages/8aa67683-48b0-4493-af66-6203b2eb5fce/svn/coral-red-worldwide-lighting-chandeliers-w83100c16-cr-64_1000.jpg,16,16 in,12,5,Glam,Lighting>Chandeliers
205168157,https://images.homedepot-static.com/productImages/90c837fa-4473-4c15-b5d2-8f09554aa533/svn/kolorado-varaluz-chandeliers-165m01ko-64_1000.jpg,7,7,8,6,Modern,Lighting>Chandeliers
205168157,https://images.homedepot-static.com/productImages/86ec2351-53b6-453e-84b0-7cb287fc1126/svn/kolorado-varaluz-chandeliers-165m01ko-64_1000.jpg,7,7,8,6,Modern,Lighting>Chandeliers
205321387,https://images.homedepot-static.com/productImages/48d66d4d-f5b4-4f72-bf3a-49634b549c90/svn/dark-antique-brass-matte-black-feiss-chandeliers-p1283dab-mb-64_1000.jpg,13,13,13.125,1.25,Industrial,Lighting>Chandeliers
205321387,https://images.homedepot-static.com/productImages/4bbd56a1-5ccc-4f29-9ea5-5a0b2b928ede/svn/dark-antique-brass-matte-black-feiss-chandeliers-p1283dab-mb-64_1000.jpg,13,13,13.125,1.25,Industrial,Lighting>Chandeliers
205321436,https://images.homedepot-static.com/productImages/7bd97f6a-27f8-4b99-a4db-422aabb71a76/svn/brushed-steel-feiss-chandeliers-p1307bs-64_1000.jpg,12,12,15.875,5.5,Industrial,Lighting>Chandeliers
205321436,https://images.homedepot-static.com/productImages/86c3cb59-b808-4813-baea-77e80b123218/svn/brushed-steel-feiss-chandeliers-p1307bs-64_1000.jpg,12,12,15.875,5.5,Industrial,Lighting>Chandeliers
205321436,https://images.homedepot-static.com/productImages/ce1e4c84-8358-4dad-9583-26bbeed38d81/svn/brushed-steel-feiss-chandeliers-p1307bs-64_1000.jpg,12,12,15.875,5.5,Industrial,Lighting>Chandeliers
205321438,https://images.homedepot-static.com/productImages/372351d4-11f3-408e-8037-051cf6469df3/svn/polished-nickel-feiss-chandeliers-p1307pn-64_1000.jpg,12,12,15.875,5.5,Industrial,Lighting>Chandeliers
205321438,https://images.homedepot-static.com/productImages/c5e54a50-8ff1-4514-8178-7c2b3e2e7c9d/svn/polished-nickel-feiss-chandeliers-p1307pn-64_1000.jpg,12,12,15.875,5.5,Industrial,Lighting>Chandeliers
205321438,https://images.homedepot-static.com/productImages/d23e6601-0d9d-4715-80b1-f5b4b35c559c/svn/polished-nickel-feiss-chandeliers-p1307pn-64_1000.jpg,12,12,15.875,5.5,Industrial,Lighting>Chandeliers
205387707,https://images.homedepot-static.com/productImages/f71f0efd-45a9-402c-893a-cf3fca61d862/svn/antique-bronze-progress-lighting-chandeliers-p4707-20-64_1000.jpg,35.75,35.75,28.75,4.85,Rustic,Lighting>Chandeliers
205387707,https://images.homedepot-static.com/productImages/4cbff012-45de-497c-b85a-4b10d0bab487/svn/antique-bronze-progress-lighting-chandeliers-p4707-20-64_1000.jpg,35.75,35.75,28.75,4.85,Rustic,Lighting>Chandeliers
205387707,https://images.homedepot-static.com/productImages/2e9b2418-799d-42d9-ab81-ae1c149dea5c/svn/antique-bronze-progress-lighting-chandeliers-p4707-20-64_1000.jpg,35.75,35.75,28.75,4.85,Rustic,Lighting>Chandeliers
205459283,https://images.homedepot-static.com/productImages/aa1baaa7-d946-4074-8f73-b430839d14c1/svn/gunmetal-bronze-with-clear-glass-golden-lighting-chandeliers-073lpmpgmt-64_1000.jpg,41 in,8.5 in,8.75 in,11.75,Rustic,Lighting>Chandeliers
205542557,https://images.homedepot-static.com/productImages/d62d5300-f3d5-4238-80dd-a45007739838/svn/black-tadpoles-chandeliers-cchacr120-64_1000.jpg,9,9,10.5,4,Glam,Lighting>Chandeliers
205882843,https://images.homedepot-static.com/productImages/159a9720-f9fb-4a64-841f-7efadb49284b/svn/burnished-silver-feiss-chandeliers-p1312bus-64_1000.jpg,18.18,31.38,28.125,5.5,Glam,Lighting>Chandeliers
205882844,https://images.homedepot-static.com/productImages/fb41693f-a26c-4888-aa96-6070f25a8e2d/svn/silver-feiss-chandeliers-p1312slv-64_1000.jpg,18.18,31.38,28.125,5.5,Glam,Lighting>Chandeliers
205882845,https://images.homedepot-static.com/productImages/dc3b83e9-b753-4ff9-891b-93e95e7016e8/svn/burnished-silver-feiss-chandeliers-p1313bus-64_1000.jpg,12,18.5,12.75,5.5,Glam,Lighting>Chandeliers
205882846,https://images.homedepot-static.com/productImages/a2ce4d6b-beb9-45dc-9933-b1241d4ea08e/svn/silver-feiss-chandeliers-p1313slv-64_1000.jpg,12,18.5,12.75,5.5,Glam,Lighting>Chandeliers
205970362,https://images.homedepot-static.com/productImages/83d70024-3976-4d98-afd7-09767091fc21/svn/burnt-sienna-sea-gull-lighting-chandeliers-6514401-710-64_1000.jpg,13.25,13.25,12,6,Industrial,Lighting>Chandeliers
205970362,https://images.homedepot-static.com/productImages/8626a94a-a264-4eed-848f-f95152a72308/svn/burnt-sienna-sea-gull-lighting-chandeliers-6514401-710-64_1000.jpg,13.25,13.25,12,6,Industrial,Lighting>Chandeliers
205970373,https://images.homedepot-static.com/productImages/1086a839-eb9e-4729-8585-ce1d13ad95b2/svn/brushed-nickel-sea-gull-lighting-chandeliers-6514401-962-64_1000.jpg,13.25,15,12,6,Industrial,Lighting>Chandeliers
205970376,https://images.homedepot-static.com/productImages/331619f3-3180-43a7-9ab8-51ecda799321/svn/burnt-sienna-sea-gull-lighting-chandeliers-6514402-710-64_1000.jpg,17.25,19,15.5,6,Industrial,Lighting>Chandeliers
205970377,https://images.homedepot-static.com/productImages/d44b6ec2-1d48-49ee-82c1-62b92676d2d6/svn/brushed-nickel-sea-gull-lighting-chandeliers-6514402-962-64_1000.jpg,17.25,17.25,15.5,6,Industrial,Lighting>Chandeliers
205970396,https://images.homedepot-static.com/productImages/6ee796b5-fef8-42ee-83f7-2b8b39d6baf3/svn/burnt-sienna-sea-gull-lighting-chandeliers-6525401-710-64_1000.jpg,15.75,15.75,14.875,5.13,Rustic,Lighting>Chandeliers
205970397,https://images.homedepot-static.com/productImages/33bd84a6-a2c5-4a7f-8b6f-bc9fb26c1e72/svn/stardust-sea-gull-lighting-chandeliers-6525401-846-64_1000.jpg,15.75,15.75,14.875,5.13,Rustic,Lighting>Chandeliers
205970397,https://images.homedepot-static.com/productImages/5f7c844f-7451-4736-8661-cf989807880c/svn/stardust-sea-gull-lighting-chandeliers-6525401-846-64_1000.jpg,15.75,15.75,14.875,5.13,Rustic,Lighting>Chandeliers
205970427,https://images.homedepot-static.com/productImages/3135ea68-4cd3-45a7-81cc-11c01380c01c/svn/chrome-sea-gull-lighting-chandeliers-65439-05-64_1000.jpg,17,20,12.25,6.63,Farmhouse,Lighting>Chandeliers
206161300,https://images.homedepot-static.com/productImages/d18fe5a4-5052-49b2-956a-56fc6a765985/svn/brushed-nickel-progress-lighting-chandeliers-p3505-09-64_1000.jpg,16.625,16.625,21.875,5,Farmhouse,Lighting>Chandeliers
206161300,https://images.homedepot-static.com/productImages/d50af92d-bee7-4de9-b5e1-3cf231a90abd/svn/brushed-nickel-progress-lighting-chandeliers-p3505-09-64_1000.jpg,16.625,16.625,21.875,5,Farmhouse,Lighting>Chandeliers
206161300,https://images.homedepot-static.com/productImages/615eee3b-073a-4003-9c71-a0d08778f61f/svn/brushed-nickel-progress-lighting-chandeliers-p3505-09-64_1000.jpg,16.625,16.625,21.875,5,Farmhouse,Lighting>Chandeliers
206196321,https://images.homedepot-static.com/productImages/a5b66a79-8169-4b57-a67f-f18af7ee967e/svn/oil-rubbed-bronze-progress-lighting-chandeliers-p5188-10830k9-64_1000.jpg,12.125,12.125,10.5,4.94,Industrial,Lighting>Chandeliers
206196322,https://images.homedepot-static.com/productImages/ad66447c-343f-43d0-8f00-106e786fed05/svn/brushed-nickel-progress-lighting-chandeliers-p5197-0930k9-64_1000.jpg,16,16,13.25,5,Industrial,Lighting>Chandeliers
206196323,https://images.homedepot-static.com/productImages/8e54d8e8-cc31-44b2-ab46-e104fc69629a/svn/oil-rubbed-bronze-progress-lighting-chandeliers-p5197-10830k9-64_1000.jpg,16,16,13.25,5,Industrial,Lighting>Chandeliers
206197816,https://images.homedepot-static.com/productImages/3e2381fc-4664-44ec-9680-a2f7f4e6df97/svn/black-chrome-westinghouse-chandeliers-6401000-64_1000.jpg,12.13,12.13,61.5,5,Industrial,Lighting>Chandeliers
206197816,https://images.homedepot-static.com/productImages/01338a0c-c66d-4fcb-a18e-8e823420dcb9/svn/black-chrome-westinghouse-chandeliers-6401000-64_1000.jpg,12.13,12.13,61.5,5,Industrial,Lighting>Chandeliers
206197816,https://images.homedepot-static.com/productImages/4f7f2de6-cf27-4651-9430-f04f7ad454db/svn/black-chrome-westinghouse-chandeliers-6401000-64_1000.jpg,12.13,12.13,61.5,5,Industrial,Lighting>Chandeliers
206410104,https://images.homedepot-static.com/productImages/3153ecc8-8f7b-42b6-8d09-54fdde2892a5/svn/satin-platinum-designers-fountain-chandeliers-88085-sp-64_1000.jpg,21.25,24,11,0,Farmhouse,Lighting>Chandeliers
206410104,https://images.homedepot-static.com/productImages/e8e83149-da7e-4172-af9c-0c02ea28f681/svn/satin-platinum-designers-fountain-chandeliers-88085-sp-64_1000.jpg,21.25,24,11,0,Farmhouse,Lighting>Chandeliers
206410104,https://images.homedepot-static.com/productImages/5c596eb1-fe6b-4e8a-a3be-05538a94b808/svn/satin-platinum-designers-fountain-chandeliers-88085-sp-64_1000.jpg,21.25,24,11,0,Farmhouse,Lighting>Chandeliers
206462887,https://images.homedepot-static.com/productImages/1f50f1ab-ac3d-4faf-bfe1-a8697e0994ea/svn/black-tadpoles-chandeliers-cchash020-64_1000.jpg,15,15,18,4,Glam,Lighting>Chandeliers
206462887,https://images.homedepot-static.com/productImages/ee9ee795-663d-44db-9a39-03a0c2f294aa/svn/black-tadpoles-chandeliers-cchash020-64_1000.jpg,15,15,18,4,Glam,Lighting>Chandeliers
206462891,https://images.homedepot-static.com/productImages/1dc6d303-58c3-4502-9ed8-7a69c855d886/svn/pink-tadpoles-chandeliers-cchash004-64_1000.jpg,15,15,18,4,Glam,Lighting>Chandeliers
206462891,https://images.homedepot-static.com/productImages/59120f43-f64b-44a9-88ca-bfc2e20e9530/svn/pink-tadpoles-chandeliers-cchash004-64_1000.jpg,15,15,18,4,Glam,Lighting>Chandeliers
206462891,https://images.homedepot-static.com/productImages/19a3f4d1-c509-4e6d-8c57-7d996ea1d091/svn/pink-tadpoles-chandeliers-cchash004-64_1000.jpg,15,15,18,4,Glam,Lighting>Chandeliers
206467640,https://images.homedepot-static.com/productImages/151f5794-052b-46e9-9d72-87f91abf3310/svn/satin-nickel-yosemite-home-decor-chandeliers-sc20538-8u-sn-64_1000.jpg,31.5,31.5,9,4.7,Glam,Lighting>Chandeliers
206647309,https://images.homedepot-static.com/productImages/ed891228-4e90-43f7-8bd7-f24496118191/svn/blackened-oil-rubbed-bronze-kenroy-home-chandeliers-93247orb-64_1000.jpg,48,13.5,7.5,0.87,Industrial,Lighting>Chandeliers
206647309,https://images.homedepot-static.com/productImages/48950403-9ed9-4745-b02f-a91820c08d01/svn/blackened-oil-rubbed-bronze-kenroy-home-chandeliers-93247orb-64_1000.jpg,48,13.5,7.5,0.87,Industrial,Lighting>Chandeliers
206647309,https://images.homedepot-static.com/productImages/a81dc1ed-8c40-4265-9ebf-49a5f97fbb3a/svn/blackened-oil-rubbed-bronze-kenroy-home-chandeliers-93247orb-64_1000.jpg,48,13.5,7.5,0.87,Industrial,Lighting>Chandeliers
